admin_access,first_name,last_name,email,password
FALSE,Kelly,Kapoor,kkkapoor@gmail.com,1234god
FALSE,Meredith,Palmer,mpalmer@gmail.com,5678
FALSE,Michael,Scott,mscott@gmail.com,Dunder Mifflin
TRUE,Dwight,Schrute,dschrute@gmail.com,beets
TRUE,Pam,Beesly,pbeesly@gmail.com,paper42CompanY
TRUE,Jim,Halpert,jhalpert@gmail.com,password 542
FALSE,Kevin,Malone,kmalone@gmail.com,9999
FALSE,Andy,Bernard,abernard@gmail.com,666HellO
FALSE,Stanley,Hudson,shudson@gmail.com,qwerty
TRUE,Phyllis,Vance,pvance@gmail.com,zzz11111
